Lake Butter, FL
Lake Catherine, IL
Lake Cavanaugh, WA
Lake Charles, LA
File:Resident-alien-album-cover.jpg
Lake Charter Township, MI
Lake City, AR
Lake City, CO
Lake City, FL
Lake City, GA
Lake City, IA
Lake City, MI
Lake City, MN
Lake City, PA
Lake City, TN
Lake City, TX
Arp Schnitger
Lake Clarke Shores, FL
Lake Como, MN
Lake County, CA
Lake County, CO
John Charles Spencer, Viscount Althorp
Lake County, FL
Lake County, IL
Lake County, IN
Lake County, MI
Alfred Mond
Lake County, MN
Lake County, MT
Lake County, OH
Lake County, OR
Circus of Nero
Lake County, TN
Lake Crystal, MN
Lake Dalecarlia, IN
Lake Dallas, TX
Lake Darby, OH
Lake Davis, CA
Lake Delton, WI
Lake Edwards Township, MN
Lake Elizabeth Township, MN
Lake Elmo, MN
Lake Elsinore, CA
Alfred Radcliffe-Brown
Lake Emma Township, MN
Lake Eunice Township, MN
Lake Fenton, MI
Eppa Rixey
Lake Forest, CA
Lake Forest, FL
Jonathan Guinness
Lake Forest, IL
International HapMap Project
Lake Forest Park, WA
Lake Fremont Township, MN
Lake Geneva, WI
Lake George Township, Hubbard County, MN
Lake George Township, MN
Lake George Township, Stearns County, MN
Lake Goodwin, WA
Lake Grove Township, MN
HapMap
Lake Hamilton, AR
Wikipedia:Articles for deletion/Persian dog
Lake Hamilton, FL
Lake Hanska Township, MN
Lake Harbor, FL
Lake Hart, FL
Lake Hattie Township, MN
Lake Havasu City, AZ
Lake Helen, FL
Lake Henry, MN
Cananga odorata
Lake Henry Township, MN
Lake Heritage, PA
Maid
Wikipedia:Articles for deletion/Persian Chauvinisim
Lake Holcombe, WI
Lake Ida Township, MN
Lake Isabella, CA
Lake Jackson, TX
Lake Jessie Township, MN
Lake Johanna Township, MN
Lake Kathryn, FL
Rotational speed
Lake Ketchum, WA
Lake Kiowa, TX
Speed of revolution
Lake Koshkonong, WI
Lake Lac La Belle, WI
Wikipedia:Articles for deletion/Persian Nation
Lake Lafayette, MO
Lake Lillian, MN
Lake Lillian Township, MN
Lake Linden, MI
Lake Lindsey, FL
Lake Lorraine, FL
Lake Los Angeles, CA
Lake Lotawana, MO
Lake Louise, AK
Lake Lucerne, FL
Lake Mack-Forest Hills, FL
Lake Magdalene, FL
Lake Marcel-Stillwater, WA
Lake Marshall Township, MN
Lake Mary, FL
Lake Mary Township, MN
Lake McMurray, WA
Lake Meade, PA
Lake MI Beach, MI
Lake Mills, IA
Lake Mills (city), Jefferson County, WI
Lake Mills (city), WI
Lake Mills (town), Jefferson County, WI
Lake Mills (town), WI
Lake Minchumina, AK
Lake Montezuma, AZ
Lake Monticello, VA
Psi Factor
Lake Morton-Berrydale, WA
Lake Mykee Town, MO
Lake Nacimiento, CA
Lake Nebagamon, WI
Very special episodes
Lake No. 1, MN
Lake No. 2, MN
Lake Odessa, MI
Category:Soviet and Russian fighter aircraft
Lake Orion, MI
Lake Oswego, OR
Lake Ozark, MO
Lake Panasoffkee, FL
Ka Hae Hawaii
Lake Park, FL
Lake Park, GA
Lake Park, IA
Lake Park, MN
M220 TOW
Lake Park Township, MN
Lake Placid, FL
Lake Pleasant Township, MN
Lake Prairie Township, MN
Lake Providence, LA
Lake Purdy, AL
Lake Quivira, KS
Lake Ridge, VA
Lake Ripley, WI
Wikipedia:LaTeX
Lake Roesiger, WA
Shutter glasses
Lake San Marcos, CA
Kenaf fiber
Lake Sarah Township, MN
Lake Sarasota, FL
Lake Shangrila, WI
Lake Shore, MD
Lake Shore, MN
Voiced alveolar tap
Lake Shore, UT
Lake Shore, WA
AI takeover
Lake Shore Township, MN
Lake St. Croix Beach, MN
Lake St. Louis, MO
Lake Station, IN
Lake Stay Township, MN
Lake Stevens, WA
Lake Summerset, IL
Lake Tahoe, CA/Nevada
Lake Tanglewood, TX
Category:Japanese fighter aircraft
Lake Tansi, TN
Lake Tapawingo, MO
Lake Tomahawk, WI
Wikipedia:Village pump archives
Lake Township, Benzie, MI
Tuner circuit
Lake Township, Benzie County, MI
Wikipedia:Village pump/July 2004 archive 1
Lake Township, Huron, MI
Lake Township, Huron County, MI
Lake Township, Lake, MI
Adobe After Effects
Lake Township, Lake County, MI
Lake Township, Luzerne County, PA
Lake Township, Macomb, MI
Lake Township, Macomb County, MI
Lake Township, Menominee, MI
Lake Township, Menominee County, MI
Lake Township, Mercer County, PA
Lake Township, MI
Lake Township, MN
Lake Township, Missaukee, MI
Lake Township, Missaukee County, MI
Lake Township, PA
Lake Township, Roscommon County, MI
Lake Township, Roseau County, MN
Lake Township, Wabasha County, MN
Lake Township, Wayne County, PA
Lake Valley Township, MN
Dedan Kimathi
Lake View, AL
Lake View, AR
Lake View, IA
Lake View, ME
Category:Israeli fighter aircraft
Lake View, TX
Category:Israeli military aircraft
Lake View Township, MN
De/Vision
David Tholen
Lake Villa, IL
Diatomaceaous earth
Lake Village, AR
Meredith Baxter
Lake Village, IN
Ladies
Lake Wales, FL
Jet pack
Lake Waukomis, MO
Meredith Baxter Birney
Lake Wazeecha, WI
Rocket belt
Meredith Baxter-Birney
Lake Wildwood, CA
Rocket pack
Lake Wilson, MN
Lake Winnebago, MO
Lake WI, WI
Lake Wissota, WI
Lake Worth, FL
Lake Worth, TX
Lake Worth Corridor, FL
Lake Wynonah, PA
Lake Zurich, IL
Lake and Peninsula Borough, AK
Lake charter Township, MI
Glade
Lake in the Hills, IL
Lake of the Pines, CA
Lake of the Woods, CA
Lake of the Woods, IL
Category:Romanian fighter aircraft
Lake of the Woods County, MN
Lakefield, MN
Category:Romanian military aircraft
Lakefield Township, Luce, MI
Lakefield Township, Luce County, MI
Lakefield Township, MI
Lakefield Township, Saginaw County, MI
Lakehead-Lakeshore, CA
Lakehills, TX
Lakeland, FL
Lakeland, GA
Lakeland, MN
Lakeland, TN
Lakeland, WI
Lakeland Highlands, FL
Lakeland North, WA
Dragon Island
Lakeland Shores, MN
Lakeland South, WA
Lakeland Village, CA
Lakeline, OH
Lakemoor, IL
Lakemore, OH
Lakeport, CA
Lakeport, TX
Lakeport Township, MN
Glade Interface Designer
Lakes, AK
Lakes by the Bay, FL
Lakes of the Four Seasons, IN
Abbott Lawrence
Lakeshire, MO
Lakeshore Gardens-Hidden Acres, TX
Lakeside, CA
Category:Chilean military aircraft
Lakeside, CO
Lakeside, FL
Lakeside, IA
Lakeside, MO
Lakeside, MT
Lakeside, OR
Lakeside, San Patricio County, TX
Lakeside, Tarrant County, TX
Lakeside, TX
Lakeside, VA
Lakeside, WI
Lakeside City, TX
Lakeside Green, FL
Lakeside Park, KY
Lakeside Township, Aitkin County, MN
Lakeside Township, Cottonwood County, MN
Lakeside Township, MN
Lakesite, TN
Laketon Township, MI
Laketown, UT
Laketown, WI
Laketown Township, MI
Laketown Township, MN
Lakeview, AL
Lakeview, AR
Lakeview, CA
Lakeview, GA
Andrew E. Douglass
Lakeview, MI
Lakeview, OH
Lakeview, OR
Lakeview, TX
Lakeview, WA
Lakeview Estates, GA
Category:International fighter aircraft
Lakeview Heights, KY
Lakeview North, WY
Lakeview Township, MN
Lakeville, IN
Lakeville, ME
Lakeville, MA
Lakeville, MN
Lakeway, TX
Atomic unit of length
Lakewood, CA
Riverfront Times
Lakewood, CO
Lakewood, Davidson County, TN
Lakewood, IL
Lakewood, OH
Lakewood, TN
Lakewood, WA
Lakewood, WI
Lakewood Club, MI
Lakewood Park, FL
Lakewood Shores, IL
Lakewood Township, Lake of the Woods County, MN
Lakewood Township, MN
Lakewood Township, St. Louis County, MN
Lakewood Village, TX
Lakin, KS
Lakin Township, MN
Category:Mixed-power aircraft
Lakota, IA
Lamar, AR
Lamar, CO
Market clearing
Lamar, MO
Lamar, NE
Lamar, OK
Lamar County, AL
Lamar County, GA
Lamar County, MS
Lamar County, TX
Lamar Heights, MO
Mark Johnson (philosopher)
Lamar Township, PA
Lamartine, WI
Lamb County, TX
Category:Australian fighter aircraft
Lambert, MS
Category:Australian military aircraft
Lambert, MO
Lambert, OK
Lambert Township, MN
Lamberton, MN
Lamberton Township, MN
Lambertville, MI
Lambs Grove, IA
Lame Deer, MT
Lamesa, TX
Galactic Pot Healer
Lammers Township, MN
Lamoille County, VT
Lamoine, ME
Lamona, WA
Lamoni, IA
Lamont, CA
Lamont, IA
Palmetto bug
Lamont, OK
Lamont, WA
Lamont, WI
Category:Chinese fighter aircraft
Lamotte Township, MI
Lampasas, TX
Lampasas County, TX
Lanagan, MO
Lanai City, HI
Lanare, CA
Galactic Pothealer
Lanark, IL
Lanark, WI
Lancaster, CA
Lancaster, KS
Lancaster, KY
Lancaster, MA
Lancaster, MN
Lancaster, MO
Lancaster, OH
Lancaster, PA
Lancaster, TX
Lancaster, WI
V'ger
Lancaster County, NE
Lancaster County, PA
Garbage plate
Lancaster County, VA
Wikipedia:Articles for deletion/C6 Cave
Lancaster Township, Butler County, PA
Lancaster Township, Lancaster County, PA
Lancaster Township, PA
Lancaster county, PA
Lance Creek, WY
Land O'Lakes, WI
Land O' Lakes, FL
Land Township, MN
Wikipedia:Subjectivity
Landen, OH
Lander, WY
Lander County, NV
Landfall, MN
Landgrove, VT
Landingville, PA
Landisburg, PA
Carat
Landisville, PA
Landover, MD
Wikipedia:Articles for deletion/VRAC
Landover Hills, MD
Lane, KS
Lane County, KS
Home Run Derby
Lane County, OR
Lanesboro, IA
Lanesboro, MN
Century 21 Home Run Derby
Lanesboro, PA
Lanesborough, MA
Lanesburgh Township, MN
Lanesville, IN
Lanett, AL
Langdon, KS
Langdon Place, KY
Langhei Township, MN
Langhorne, PA
Langhorne Manor, PA
Langlade, WI
Langlade County, WI
Langley, OK
Langley, VA
Langley, WA
Langley Park, MD
Langola Township, MN
Langor Township, MN
Langston, AL
Langston, OK
Langtry, TX
Lanham, MD
Lanham-Seabrook, MD
Lanier County, GA
Lannon, WI
Lansdale, PA
Lansdowne, PA
Lansdowne-Baltimore Highlands, MD
Lansford, PA
Horná Streda
Lansing, IL
Lansing, IA
Lansing, KS
Lansing, MI
Lansing Charter Township, MI
Lansing Township, MN
George Eastman House International Museum of Photography and Film
Lansing charter Township, MI
Lantana, FL
Laona, WI
Votyaks
Laona Township, MN
Lapeer, MI
Lapeer County, MI
Hamitic Myth
Lapeer Township, MI
Lapel, IN
Laplace, LA
Hamitic myth
Laporte, CO
Laporte, MN
Laporte, PA
Laporte Township, PA
Lapwai, ID
Laramie, WY
Laramie County, WY
Rick White (politician)
Larchwood, IA
Operation Viper
Laredo, MO
Laredo, TX
Carry-out
Laredo Ranchettes, TX
Larga Vista, TX
Largo, FL
Largo, MD
Larimer County, CO
Larimer Township, PA
Category:Insular areas of the United States
Larkfield-Wikiup, CA
Larkin Charter Township, MI
Larkin Township, MN
Larkin charter Township, MI
Larkspur, CA
Larkspur, CO
Larksville, PA
Larned, KS
Larose, LA
Larrabee, IA
Larrabee, WI
Larsen Bay, AK
Larue County, KY
Larwill, IN
Las Animas, CO
Pop science
Las Animas County, CO
Las Colonias, TX
Philippe Sollers
Las Flores, CA
Las Lomas, CA
Las Lomas, TX
Las Lomitas, TX
Las Palmas-Juarez, TX
Robert N. C. Nix Jr.
Las Quintas Fronterizas, TX
Las Vegas, NV
Lasana, TX
Lasara, TX
Lassen County, CA
Lastrup, MN
Latah, WA
Latah County, ID
Latexo, TX
Latham, IL
Wikipedia:Articles for deletion/Ladies
Latham, KS
Lathrop, CA
Lathrop, MO
Lathrop Township, PA
Colonial Mentality
Lathrup Village, MI
Latimer, IA
Go go
Latimer, KS
Latimer, MS
Latimer County, OK
Latimore Township, PA
Laton, CA
Latonia Lakes, KY
Latrobe, PA
Latty, OH
Lauderdale, MN
Lauderdale-by-the-Sea, FL
Fagot
Lauderdale County, AL
Lauderdale County, MS
Lauderdale County, TN
Lauderdale Lakes, FL
Lauderhill, FL
Laughlin, NV
Laughlin AFB, TX
Laupahoehoe, HI
Laura, OH
Laurel, DE
Laurel, FL
Go-go dancing
Laurel, IN
Laurel, IA
Laurel, MD
Laurel, MS
Laurel, MT
Shyriiwook
Laurel, NE
Laurel, VA
Laurel County, KY
Go go (disambiguation)
Laurel Hill, FL
Laurel Mountain, PA
Laurel Park, VA
Laurel Run, PA
Laureldale, PA
Laureles, TX
Laurelville, OH
Laurens, IA
Pennsylvania Supreme Court
Laurens County, GA
Laurie, MO
Laurium, MI
Vasily Dokuchaev
Lausanne Township, PA
Lava Hot Springs, ID
Lavaca, AR
Lavaca County, TX
Lavell Township, MN
Lavelle-Locustdale, PA
Laverne, OK
Lavina, MT
Lavon, TX
Lavonia, GA
Category:Indian fighter aircraft
Lawai, HI
Category:Indian military aircraft
Lawler, IA
Lawn, TX
Lawndale, CA
Lawndale, IL
Lawnton, PA
Lawrence, Brown County, WI
Lawrence, IN
Lawrence, KS
Lawrence, MA
Lawrence, MI
Lawrence, NE
Lawrence, Rusk County, WI
Lawrence, WI
Lawrence County, AL
Lawrence County, AR
Lawrence County, IL
Lawrence County, IN
Lawrence County, KY
Lawrence County, MS
Delaware, Lackawanna and Western Railroad
Lawrence County, MO
Category:Berrien County, Michigan
Lawrence County, OH
Robert McMillan
Lawrence County, PA
Vernors
Lawrence County, TN
Lawrence Creek, OK
Lawrence Park, PA
Lawrence Park Township, PA
Lawrence Township, Clearfield County, PA
Lawrence Township, Grant County, MN
Lawrence Township, Itasca County, MN
Lawrence Township, MI
Lawrence Township, MN
Lawrence Township, PA
Lawrence Township, Tioga County, PA
Lawrenceburg, IN
Lawrenceburg, KY
Dead Reckoning (disambiguation)
Lawrenceburg, TN
Lawrenceville, GA
Lawrenceville, IL
Lawrenceville, OH
Lawrenceville, PA
John Miller (Washington politician)
Lawrenceville, VA
Lawson, MO
File:Cybersix.jpg
Lawson Heights, PA
Lawtey, FL
Lawton, IA
Lawton, MI
Lawton, OK
Laymantown, VA
Layton, FL
Layton, UT
Laytonsville, MD
Laytonville, CA
Deep-sea diving
Lazy Lake, FL
Lazy Mountain, AK
John Reith
LeBoeuf Township, PA
Le Center, MN
Le Claire, IA
Le Flore, OK
Le Flore County, OK
Le Grand, CA
Le Grand, IA
Le Mars, IA
Le Ray Township, MN
Le Raysville, PA
Le Roy, IL
Le Roy, IA
Le Roy, KS
Wikipedia:Articles for deletion/Hypothetical
Le Roy, MI
Le Roy, MN
Joel Pritchard
Le Roy Township, MI
Le Roy Township, MN
Le Sauk Township, MN
Le Sueur, MN
Le Sueur County, MN
European Monetary Institute
Lea Hill, WA
Leach, OK
Leachville, AR
Leacock, PA
Leacock-Leola-Bareville, PA
Mirage (Transformers)
Leacock Township, PA
Lead Hill, AR
Leadington, MO
Metropolitan Washington Council of Governments
Leadore, ID
Leadville, CO
Leadville North, CO
Leadwood, MO
Statue of Kamehameha
Leaf Lake Township, MN
Leaf Mountain Township, MN
Leaf River, IL
Leaf River Township, MN
Leaf Valley Township, MN
League City, TX
Leake County, MS
Leakesville, MS
Leakey, TX
Leamington, UT
Leander, TX
Leander Lake, MN
Leando, IA
Cuyahoga
Thomas Pelly
Learned, MS
Leary, GA
Leary, TX
Leasburg, MO
De Havilland Sea Hornet
Leavenworth, IN
Leavenworth, KS
Leavenworth, WA
Leavenworth County, KS
Leavenworth Township, MN
Leavitt Township, MI
Leavittsburg, OH
Leawood, KS
Leawood, MO
Lebam, WA
Lebanon, Dodge County, WI
Lebanon, IL
Lebanon, IN
Lebanon, KS
Lebanon, KY
Lebanon, ME
Lebanon, MO
Lebanon, NE
Lebanon, OH
Lebanon, OR
Lebanon, PA
Lebanon, TN
Lebanon, VA
Lebanon, Waupaca County, WI
Lebanon, WI
Lebanon County, PA
Very special
Lebanon Junction, KY
Lebanon South, PA
Lebanon Township, MI
Nissan (river)
Lebanon Township, PA
File:Vernors.jpg
Lebec, CA
Lebo, KS
Lecanto, FL
Lechee, AZ
Lecompte, LA
Lecompton, KS
Ledbetter, KY
Ledgeview, WI
Ledyard, IA
Lee's Summit, MO
Lee, FL
Lee, IL
Lee, ME
Lee, MA
Lee (CDP), Berkshire County, MA
Lee (CDP), MA
Category:Polish fighter aircraft
Lee (town), Berkshire County, MA
Lee (town), MA
Lee County, AL
Lee County, AR
Lee County, FL
Hugh Mitchell (politician)
List of wiki
Lee County, GA
Lee County, IL
Lee County, IA
Lee County, KY
Lee County, MS
Lee County, TX
Lee County, VA
Lee Township, Aitkin County, MN
Lee Township, Allegan, MI
Lee Township, Allegan County, MI
Lee Township, Beltrami County, MN
Lee Township, Calhoun, MI
Lee Township, Calhoun County, MI
Lee Township, MI
Lee Township, Midland, MI
T.J Hooker
Lee Township, Midland County, MI
Newport Centre (shopping mall)
Lee Township, MN
Lee Township, Norman County, MN
Leech Lake Township, MN
Leechburg, PA
Leedey, OK
Category:Canadian fighter aircraft
Leeds, AL
Leeds, ME
Leeds, UT
Leeds, WI
Leeds Township, MN
Leelanau County, MI
Leelanau Township, MI
Robert Addison
Hugh De Lacy (politician)
Leenthrop Township, MN
Leesburg, AL
Category:Czech and Czechoslovakian fighter aircraft
Leesburg, FL
Leesburg, GA
Leesburg, IN
Leesburg, OH
Leesburg, VA
Leesport, PA
Geoffrey Lawrence
Leesville, LA
Leesville, OH
Tel Quel
Leet Township, PA
Leeton, MO
Newport Center Mall
Leetonia, OH
Leetsdale, PA
Lefleur's Bluff, MS
Leflore County, MS
Newport Mall
Lefors, TX
Mc Arthur, Ohio
Legend Lake, WI
Lehi, UT
Lehigh, IA
Lehigh, KS
Lehigh, OK
Mc Clure, Ohio
Mc Comb, Ohio
Mc Connelsville, Ohio
Lehigh Acres, FL
Mc Donald, Ohio
Mc Guffey, Ohio
Lehigh County, PA
Category:South African fighter aircraft
Lehigh Township, Carbon County, PA
Erie Lackawanna Railway
Lehigh Township, Northampton County, PA
Lehigh Township, PA
NX instruction
Lehigh Township, Wayne County, PA
Semaphore signal
Lehighton, PA
Lehman Township, Luzerne County, PA
Lehman Township, PA
Lehman Township, Pike County, PA
Leicester, MA
Leicester, VT
Leiding Township, MN
Leidy Township, PA
Leigh, NE
Leigh Township, MN
Leighton, AL
Leighton, IA
Leighton Township, MI
Leilani Estates, HI
Homer Jones (politician)
Leipsic, DE
Category:Italian fighter aircraft
Leipsic, OH
Leisure City, FL
Leisureville, FL
Leitchfield, KY
Leitersburg, MD
Leith-Hatfield, PA
Leland, IL
Leland, IA
Leland, MS
Leland Grove, IL
Leland Township, MI
Matabeleland
Lely, FL
Lely Resort, FL
Lemay, MO
Lemhi County, ID
Lemington, VT
Lemmon Valley, NV
Lemmon Valley-Golden Valley, NV
Lemon Cove, CA
Lemon Grove, CA
Lemon Township, PA
Lemond Township, MN
Lemont, IL
Lemont, PA
Lemonweir, WI
Lemoore, CA
Lemoore Station, CA
Lemoyne, PA
Lena, IL
Lena, MS
Lena (town), Oconto County, WI
Lena (town), WI
Robert N. C. Nix Sr.
Lena (village), Oconto County, WI
Lena (village), WI
The Others (Vok)
Lenapah, OK
Lenape Heights, PA
Lenawee County, MI
Lenexa, KS
Perrey-Kingsley
Lengby, MN
Lenhartsville, PA
Lennon, MI
Lennox, CA
Lenoir City, TN
Lashing stick
Lenora, KS
Lenox, GA
Lenox, IA
Lenox, MA
Lenox, OH
Lenox (CDP), Berkshire County, MA
Lenox (CDP), MA
Lenox (town), Berkshire County, MA
Lenox (town), MA
Lenox Township, MI
Lenox Township, PA
Lenroot, WI
Lent Township, MN
List of heirs apparent
Lenwood, CA
Lenzburg, IL
Leo-Cedarville, IN
Leola, AR
Leola, PA
Leola, WI
Leominster, MA
Leon, IA
Leon, KS
Leon, Monroe County, WI
Leon, OK
Leon, Waushara County, WI
Leon, WI
Leon County, FL
Leon County, TX
List of Heir Apparents
Leon Township, Clearwater County, MN
Leon Township, Goodhue County, MN
Leon Township, MN
Leon Valley, TX
Leona, KS
Leona, TX
Centavo
Partial trace
Leonard, MI
Leonard, MN
Leonard, MO
Leonard, TX
Leonardsville Township, MN
Leonardtown, MD
Delaware, Lackawanna & Western Railroad
Vertical lashing
Leonardville, KS
Leoni Township, MI
Leonidas, MN
Leonidas Township, MI
Leonore, IL
Round lashing
Leonville, LA
Leota, MN
Leota Township, MN
Leoti, KS
Lepanto, AR
Lerna, IL
Leroy, TX
Leroy, WI
Leroy Township, Calhoun, MI
Leroy Township, Calhoun County, MI
Leroy Township, Ingham, MI
Don Siegelman
Leroy Township, Ingham County, MI
Leroy Township, MI
Leroy Township, PA
Leschi, Seattle, WA
Leshara, NE
Leslie, AR
Leslie, GA
Leslie, MI
Leslie, MO
Leslie County, KY
Leslie Township, MI
Leslie Township, MN
Lessor, WI
Lessor Township, MN
Lester, AL
Lester, IA
Lester Prairie, MN
Letcher County, KY
Letona, AR
Letterkenny Township, PA
Letts, IA
Leupp, AZ
Levan, UT
Levant, ME
Levasy, MO
Level Park-Oak Park, MI
Level Plains, AL
Levelland, TX
Levelock, AK
Leven Township, MN
Fob James
Leverett, MA
Leverett, MS
Levis, WI
Levittown, PA
Levy County, FL
Lewellen, NE
Lewes, DE
Lewis, IA
Lewis, KS
Lewis, VT
Lewis County, ID
Lewis County, KY
Lewis County, MO
Lewis County, TN
Lewis County, WA
Lewis Run, PA
Lewis Township, Lycoming County, PA
Lewis Township, MN
Lewis Township, Northumberland County, PA
Lewis Township, PA
Lewis Township, Union County, PA
Lewis and Clark County, MT
Lewis and Clark Village, MO
Lewisberry, PA
Capital flight
Lewisburg, KY
Lewisburg, OH
Lewisburg, PA
Lewisburg, TN
Wikipedia:Articles for deletion/C6 (2nd nomination)
Lewisport, KY
Lewiston, CA
Lewiston, ID
Lewiston, ME
Lewiston, MI
Lewiston, MN
Lewiston, NE
Lewiston, UT
Lewiston, WI
Lewistown, IL
Lewistown, MO
Lewistown, MT
Lewistown, PA
Lewistown Heights, MT
Ralph Horr
Lewisville, AR
Lewisville, ID
Lewisville, IN
Jim Folsom Jr.
Lewisville, MN
Amy Smart
Lewisville, OH
Lewisville, TX
Lewisville, WA
Lexa, AR
Lexington, AL
Lexington, GA
Lexington, IL
Lexington, MA
Lexington, MI
Lexington, Middlesex County, MA
Lexington, MN
Lexington, MS
Lexington, MO
Lexington, NE
Lexington, OH
Lexington, OK
Lexington, OR
Lexington, TN
N2O4
Lexington, TX
Lexington, VA
Lexington-Fayette, KY
Lexington Hills, CA
Lexington Park, MD
Cynocephali
Lexington Township, MI
Lexington Township, MN
Leyden, MA
Libby, MT
Libby Township, MN
H. Guy Hunt
Liberal, KS
Liberal, MO
Liberty, Allegheny County, PA
John Franklin Miller (representative)
Liberty, Grant County, WI
Liberty, IL
Lightning Data Transport
Liberty, IN
Liberty, KS
Liberty, KY
Liberty, ME
LDT
Liberty, Manitowoc County, WI
Liberty, MS
Liberty, MO
Liberty, NE
Liberty, OK
Liberty, Outagamie County, WI
Liberty, PA
Liberty, TN
Liberty, TX
Liberty, Tioga County, PA
Liberty, Vernon County, WI
Liberty, WI
West Roxbury
Liberty Center, OH
Marine Building
Liberty City, TX
Disney's Donald Duck: Goin' Quackers
Liberty County, FL
Liberty County, GA
Liberty County, MT
Liberty County, TX
Liberty Grove, WI
Liberty Hill, TX
Liberty Lake, WA
Liberty Township, Adams County, PA
Liberty Township, Bedford County, PA
Liberty Township, Beltrami County, MN
Liberty Township, Centre County, PA
Liberty Township, Itasca County, MN
Liberty Township, Jackson, MI
Liberty Township, Jackson County, MI
Liberty Township, McKean County, PA
Emperor of America
Liberty Township, Mercer County, PA
Liberty Township, MI
Liberty Township, MN
Liberty Township, Montour County, PA
Liberty Township, PA
Liberty Township, Polk County, MN
Liberty Township, Susquehanna County, PA
Liberty Township, Tioga County, PA
The Dream with Roy and HG
Liberty Township, Wexford County, MI
Ishbosheth
Libertyville, AL
Libertyville, IL
Libertyville, IA
Licking, MO
Licking County, OH
Licking Creek Township, PA
Licking Township, PA
Lida Township, MN
Textron
Lidderdale, IA
Erne
Liebenthal, KS
Lien Township, MN
Lighthouse Point, FL
Eshbaal
Lightstreet, PA
Ligonier, IN
Playfair square
Ligonier, PA
Ligonier Township, PA
Lihue, HI
Lilbourn, MO
Lilburn, GA
Lilley Township, MI
Lillie, LA
Lilly, GA
Lilly, PA
Lily Lake, IL
Lilydale, MN
Lima, Grant County, WI
Lima, IL
Lima, MT
Lima, OH
William E. Humphrey
Lima, OK
Lima, PA
Lima, Pepin County, WI
Lima, Rock County, WI
Lima, Sheboygan County, WI
Lima, WI
Lima Township, MI
Lima Township, MN
File:The-hogyssey-album-cover.jpg
Luka Bloom
Limaville, OH
Lime Lake Township, MN
Lime Ridge, PA
Lime Ridge, WI
Lime Springs, IA
Polack's House
Lime Township, MN
Lime Village, AK
Limerick, ME
Limerick Township, PA
Limestone, ME
Limestone, MI
Limestone, OK
Limestone (CDP), Aroostook County, ME
Limestone (CDP), ME
Limestone (town), Aroostook County, ME
File:The-chinese-album-album-cover.jpg
Limestone (town), ME
Limestone County, AL
Amy (demon)
Limestone County, TX
Limestone Creek, FL
Limestone Township, Clarion County, PA
Limestone Township, Lycoming County, PA
Limestone Township, MI
Limestone Township, MN
Limestone Township, Montour County, PA
Limestone Township, PA
Limestone Township, Union County, PA
Limestone Township, Warren County, PA
Limington, ME
Limon, CO
Lincoln, Adams County, WI
Lincoln, AL
Lincoln, AR
Lincoln, Bayfield County, WI
Lincoln, Buffalo County, WI
Lincoln, Burnett County, WI
Lincoln, CA
Lincoln, Eau Claire County, WI
Lincoln, Forest County, WI
Lincoln, IL
Lincoln, IA
Lincoln, Kewaunee County, WI
Benjamin Franklin White
Lincoln, ME
Lincoln, MA
Lincoln, MI
Lincoln, MO
Lincoln, Monroe County, WI
Canopy Group
Lincoln, MT
Lincoln, NE
Lincoln, Oxford, ME
Lincoln, Oxford County, ME
Lincoln, PA
Lincoln, Polk County, WI
Lincoln, Trempealeau County, WI
Lincoln, VT
Lincoln, Vilas County, WI
Lincoln, WI
Lincoln, Wood County, WI
Lincoln (CDP), ME
Lincoln (CDP), Penobscot County, ME
Lincoln (town), ME
Lincoln (town), Penobscot County, ME
Lincoln Beach, OR
Henchman
Lincoln Center, KS
Lincoln Charter Township, MI
Lincoln City, OR
Lincoln County, AR
Lincoln County, CO
Lincoln County, GA
Lincoln County, ID
Lincoln County, KS
Lincoln County, KY
Lincoln County, ME
Lincoln County, MN
Lincoln County, MS
Lincoln County, MO
Lincoln County, MT
Lincoln County, NE
Lincoln County, NV
Lincoln County, OK
Theoretical definition
Lincoln County, OR
Lincoln County, TN
Brook of Egypt
Lincoln County, WA
Lincoln County, WI
Lincoln County, WY
Lincoln Heights, Los Angeles, CA
Lincoln Heights, OH
Lincoln Parish, LA
Lincoln Park, CO
Lincoln Park, GA
Lincoln Park, MI
Lincoln Park, TX
Category:1839 books
Lincoln Township, Arenac, MI
Lincoln Township, Arenac County, MI
Lincoln Township, Bedford County, PA
Lincoln Township, Blue Earth County, MN
Lincoln Township, Clare, MI
Lincoln Township, Clare County, MI
Lincoln Township, Huntingdon County, PA
Lincoln Township, Huron, MI
Wikipedia:Articles for deletion/Marijuana Logues
Lincoln Township, Huron County, MI
Lincoln Township, Isabella, MI
Lincoln Township, Isabella County, MI
Lincoln Township, Marshall County, MN
Category:1838 books
Lincoln Township, MI
Lincoln Township, Midland, MI
Lincoln Township, Midland County, MI
Lincoln Township, MN
Lincoln Township, Newaygo, MI
Lincoln Township, Newaygo County, MI
Lincoln Township, Osceola County, MI
Lincoln Township, PA
Lincoln Township, Somerset County, PA
Lincoln Village, CA
Lincoln Village, OH
Lincoln charter Township, MI
Lincolnia, VA
Lincolnshire, IL
Lincolnshire, KY
Lincolnton, GA
Lincolnville, KS
Lincolnville, ME
Lincolnville, PA
Lincolnwood, IL
Lind, WA
Lind, WI
Lind Township, MN
Linda, CA
Lindale, GA
Lindale, TX
Linden, AL
Linden, CA
Linden, IN
Linden, IA
Linden, MI
Linden, TN
Linden, TX
Linden (town), IA County, Wisconsin
Linden (town), Iowa County, WI
Linden (town), WI
Linden (village), IA County, Wisconsin
Linden (village), Iowa County, WI
Linden (village), WI
Linden Grove Township, MN
Linden Township, MN
KQTZ
Lindenhurst, IL
Lindina, WI
Lindon, UT
Lindsay, CA
Lindsay, Cooke County, TX
Lindsay, NE
Lindsay, OK
Lindsay, Reeves County, TX
Lindsay, TX
Lindsborg, KS
Lindsey, OH
Lindstrom, MN
Linesville, PA
Bend (heraldry)
Lineville, AL
Lineville, IA
Marians Pahars
Linganore, MD
Linganore-Bartonsville, MD
Lingle, WY
Linglestown, PA
Patent still
Linn, KS
Linn, MO
Coffey still
Ovarian Cyst
Linn, WI
Étienne Eyadema
Linn County, IA
Continuous still
Linn County, KS
Linn County, MO
Linn County, OR
Linn Creek, MO
Linn Grove, IA
Linn Valley, KS
Linndale, OH
Linneus, ME
Linneus, MO
Linntown, PA
Lino Lakes, MN
Linsell Township, MN
Linthicum, MD
Linton, IN
Linton Hall, VA
Y Tu Mama Tambien
Linwood, KS
Linwood, NE
Linwood, PA
Linwood, WI
Linwood Lake, MN
Linwood Township, MN
Nana (novel)
Lionville-Marchwood, PA
Lipan, TX
Lipscomb, AL
Lipscomb, TX
Black carp
Lipscomb County, TX
Sterile
Lisbon, FL
Lisbon, IL
Lisbon, IA
Lisbon, Juneau County, WI
Lisbon, LA
Lisbon, ME
Lisbon, OH
Klingon Civil War
Lisbon, Waukesha County, WI
Lisbon, WI
Lisbon Falls, ME
Lisbon Township, MN
Liscomb, IA
Lisle, IL
Lisman, AL
Lismore, MN
Lismore Township, MN
List of Birds of Santa Cruz County, CA
List of Fort Wayne, IN mayors
List of Mayors of Akron, OH
List of Mayors of Cincinnati, OH
Alberto Korda
List of Mayors of Cleveland, OH
List of Mayors of Vancouver, WA
ABBR tag
List of birds of Santa Cruz County, CA
List of birds of Santa Cruz County, CA (continued)
List of mayors of Bloomington, MN
List of mayors of Coon Rapids, MN
Dominicana de Aviacion
List of mayors of Dayton, OH
List of mayors of Detroit, MI
List of mayors of Duluth, MN
List of mayors of El Paso, TX
List of mayors of Fort Wayne, IN
List of mayors of Grand Rapids, MI
Malév
List of mayors of Las Vegas, NV
ACRONYM tag
List of mayors of Littleton, CO
List of mayors of Los Angeles, CA
List of mayors of Vancouver, WA
Bob Allison
Mangaldan, Pangasinan
Universal medicare
Red Ruffing
Father of medicare
ADDRESS tag
Art Nouveau Jewellery
I kiss you
Afyonkarahisar Province
Pyrotechny
Hydro Tasmania
Connally Prison
Hydro Electric Commission
Hydro-Electric Commission
Srebrenica massacre
Jaber Al-Ahmad Al-Sabah
United Nations Protection Force
BLOCKQUOTE tag
BR tag
Wikipedia:Articles for deletion/Body Thetans
Smithereens
Non-philosophy
Theophilus Painter
Tennozi
Transporturi Aeriene Române
Positive pressure ventilation
Dakar-Yoff-Leopold Sedal Senghor International Airport
Coughing
Chaka Fattah
Litchfield, IL
Litchfield, ME
Litchfield, MI
Litchfield, MN
Litchfield, NE
Litchfield Park, AZ
Litchfield Township, MI
Litchfield Township, MN
Litchfield Township, PA
Jimmie Hall
Lithia Springs, GA
Lithium, MO
Lithonia, GA
Lithopolis, OH
Lititz, PA
Little America, WY
Little Beaver Township, PA
Little Black, WI
Scott O'Dell
Little Britain Township, PA
Los Baños, Laguna, Philippines
Sayônara
Little Britian Township, PA
Sayounara
Little Canada, MN
Little Chute, WI
Sayoonara
Little Cottonwood Creek Valley, UT
Little Creek, DE
Little Elbow Township, MN
Little Elk Township, MN
Little Elm, TX
Little Falls, MN
Little Falls, WI
Little Falls-South Windham, ME
Ersel Hickey
Little Falls Township, MN
Srebrenica Massacre
Little Flock, AR
LaFayette County, Wisconsin
Little Grant, WI
Little Grass Valley, CA
Little Mahanoy Township, PA
Little Meadows, PA
Little Pine Township, MN
Little Rice, WI
Newtonian potential
Little River, KS
Deb Lyons
Little River, WI
Little River-Academy, TX
Little River County, AR
Little Rock, AR
Little Rock, IA
TV specials
Little Rock, MN
Little Rock Township, MN
Pink Spore
Little Round Lake, WI
Little Saigon, Garden Grove, CA
Little Saigon, Houston, TX
Little Saigon, Westminster, CA
Little Sand Lake, MN
Little Sauk Township, MN
Little Sioux, IA
Little Suamico, WI
Little Traverse Township, MI
Little Wolf, WI
Little York, IL
Little York, IN
Littlefield, TX
Littlefield Township, MI
Littlefork, MN
Tankograd
Littleport, IA
Littlerock, CA
Littlestown, PA
Manuel A. Alonso Pacheco
Littleton, CO
New York Crew
Littleton, IL
Littleton, ME
Littleton, MA
Littleton Common, MA
Littletown, AZ
Littleville, AL
Live Oak, CA
Live Oak, FL
Live Oak, Santa Cruz, CA
Live Oak, Santa Cruz County, CA
Live Oak, Sutter, CA
Live Oak, Sutter County, CA
Live Oak, TX
Live Oak County, TX
Wikipedia:Articles for deletion/Quarto do Chefinho
1840's
Livengood, AK
Rudy LaRusso
Livermore, CA
Livermore, IA
Livermore, KY
Livermore, ME
Wikipedia:Articles for deletion/Pvpforums
Livermore Falls, ME
Livermore Falls (CDP), Androscoggin County, ME
Wikipedia:Articles for deletion/ARIS
Livermore Falls (CDP), ME
Livermore Falls (town), Androscoggin County, ME
Wikipedia:Articles for deletion/Constantia Jones
Livermore Falls (town), ME
Liverpool, IL
File:Alpine butterfly knot steps.png
Liverpool, PA
Wikipedia:Articles for deletion/SIZB
Liverpool, TX
Liverpool Township, PA
Livingston, AL
Livingston, CA
Livingston, IL
Livingston, KY
Livingston, LA
Private Mortgage Insurance
Livingston, MT
Livingston, TN
Livingston, TX
Livingston, WI
Livingston County, IL
Livingston County, KY
Bringin' It Down
Livingston County, MI
Livingston County, MO
Livingston Parish, LA
Livingston Township, MI
Livonia, IN
Livonia, LA
Wikipedia:Administrators' how-to guide
Livonia, MI
Livonia, MO
Livonia Township, MN
Body Thetans
Taghrib Bani Hilal
Lizton, IN
Llano, TX
Llano County, TX
Llano Grande, TX
Loa, UT
Loa Angeles, CA
Loachapoka, AL
Taghrib Beni Hilal
Loami, IL
Lobelville, TN
Loch Lomond, FL
Loch Lomond, VA
Taghribet Beni Hilal
Loch Lynn Heights, MD
Taghreeb Beni Helal
Lochbuie, CO
Taghreebet Beni Helal
Lochearn, MD
Wikipedia:Administrator's how-to guide
Lochmoor Waterway Estates, FL
Lochsloy, WA
Lock Haven, PA
Lock Springs, MO
Lockbourne, OH
Locke, CA
Locke Township, MI
Lockeford, CA
Lockesburg, AR
Lockhart, AL
Lockhart, FL
Lockhart, TX
Lockhart Township, MN
Channel-billed toucan
Lockington, OH
Lockland, OH
Lockney, TX
Lockport, IL
Yellow-ridged toucan
Lockport, LA
Lockport Township, MI
Yellow-ridged Toucan
Lockridge, IA
Lockwood, MO
Lockwood, MT
Loco, OK
Locust Fork, AL
Locust Grove, GA
Locust Grove, KY
Locust Grove, OK
Locust Township, PA
Locustdale, PA
Asadabad
Loda, IL
Lodge Grass, MT
Lodge Pole, MT
Lodgepole, NE
Lodi, CA
Lodi, OH
Public-private partnerships
Lodi (city), Columbia County, WI
Lodi (city), WI
Lodi (town), Columbia County, WI
Lingayen (disambiguation)
Lodi (town), WI
Lodi Township, MI
Lodi Township, MN
Log Cabin, TX
Log Lane Village, CO
Logan, IA
Logan, KS
Logan, OH
Rear Window Captioning System
Logan, UT
Wikipedia:Privacy policy
Logan County, AR
Logan County, CO
Logan County, IL
Logan County, KS
Logan County, KY
Category:Bays
Logan County, NE
Logan County, OH
Logan County, OK
Logan Elm Village, OH
Logan Township, Aitkin County, MN
Logan Township, Blair County, PA
Logan Township, Clinton County, PA
Chaouia
Logan Township, Grant County, MN
Logan Township, Huntingdon County, PA
Logan Township, Mason, MI
Logan Township, Mason County, MI
Logan Township, MI
Logan Township, MN
Logan Township, Ogemaw County, MI
Logan Township, PA
Custom Robo
Logansport, IN
Logansport, LA
Abu Nidal organization
Loganton, PA
Category:Egyptian languages
Loganville, GA
Pac-Man Vs.
Loganville, PA
Loganville, WI
Loghill Village, CO
Asadabad, Afghanistan
Lohman, MO
Wikipedia:Articles for deletion/Tony Kanal
Lohrville, IA
Lohrville, WI
Lolita, TX
Lolo, MT
Loma, CO
Loma, MT
Loma Linda, CA
Marijuana Logues
Loma Linda, MO
Loma Linda East, TX
Loma Rica, CA
List of important publications in medicine
Lomax, IL
Lombard, IL
Chadic
Lometa, TX
Lomira (town), Dodge County, WI
Lomira (town), WI
Lomira (village), Dodge County, WI
Lomira (village), WI
Lomita, CA
Lompoc, CA
Lonaconing, MD
London, AR
London, CA
London, KY
Kirby Air Ride
London, MI
London, MN
London, OH
London, TX
London Britain Township, PA
London Grove Township, PA
List of important publications in geology
London Mills, IL
London Township, MI
London Township, MN
Londonderry, VT
Londonderry Township, Bedford County, PA
Londonderry Township, Chester County, PA
Londonderry Township, Dauphin County, PA
Mega Man Anniversary Collection
Londonderry Township, PA
Londontowne, MD
Lone Elm, KS
Lone Grove, OK
Lone Jack, MO
Lone Oak, GA
Lone Oak, KY
Lone Oak, TX
Lone Pine, CA
Lone Pine Township, MN
Lone Rock, IA
Lone Rock, WI
Lone Star, TX
Lone Tree, CO
Lone Tree, IA
Bold (band)
Lone Tree, OK
Lone Tree Township, MN
Lone Wolf, OK
Lonepine, MT
Lonerock, OR
Lonetree, WY
Dr. Zarkov
Long, OK
Long Beach, CA
Long Beach, IN
Long Beach, MN
Long Beach, MS
Long Beach, WA
Long Branch, PA
Hikaru No Go
Long County, GA
Long Creek, IL
Bádi
John Doyle (judge)
Long Creek, OR
Long Grove, IL
Long Grove, IA
Long Island, KS
Long Island, ME
Long Lake, Florence County, WI
Long Lake, IL
Chichijima
Long Lake, MN
Chichi Jima
Long Lake, Washburn County, WI
Long Lake, WI
Long Lake Township, Crow Wing County, MN
Long Lake Township, MI
Akbash
Long Lake Township, MN
Walldorf
Long Lake Township, Watonwan County, MN
Long Neck, DE
Long Pine, NE
ChiChi Jima
Long Point, IL
Long Pond, PA
Long Prairie, MN
Guardian angels
Long Prairie Township, MN
Long Rapids, MI
Category:HTML
Long Rapids Township, MI
Chi Chi Jima
Guardian Angels
Long Valley, CA
Long Valley caldera, CA
Wikipedia:Articles for deletion/Wanda Wisdom
Bonins
Long View, WA
Longboat Key, FL
Longdale, OK
Longford, KS
Camranh Bay
Longmeadow, Hampden County, MA
Longmeadow, MA
Category:Fremont, California
Longmont, CO
Task Group (TG) 38.2
Longstreet, LA
Chateau of Chavaniac
Longswamp Township, PA
Longton, KS
Longtown, MO
Longtown, OK
Cleveland class light cruiser
Longview, IL
Longview, TX
Longview, WA
Longview Heights, WA
Longville, MN
Longwood, FL
Longwood, WI
Lonoke, AR
Lonoke County, AR
Lonsdale, AR
Lonsdale, MN
Loogootee, IN
Lookeba, OK
Lookout Mountain, GA
Lookout Mountain, TN
Loomis, CA
Loomis, NE
Loon Lake Township, MN
Lopeno, TX
Lopezville, TX
Nypd blue
Lorain, OH
Lorain, PA
Lorain, WI
Lorain County, OH
Lorain Township, MN
Loraine, IL
Loraine, TX
Automobile Club of Southern California
Lorane, PA
Hargrave Jennings
Lordstown, OH
Lore City, OH
Loreauville, LA
Lorena, TX
Lorenzo, TX
Loretto, KY
John Doyle
Loretto, MN
Loretto, PA
Loretto, TN
Lorimor, IA
Loring AFB, ME
Lorraine, KS
Lorton, NE
Lorton, VA
Mission San Jose
Los Alamitos, CA
Los Alamos, CA
Los Altos, CA
Kolding
Los Altos Hills, CA
Los Alvarez, TX
Los Angeles County, CA
Ted Arnott
Los Angeles Subdivision, TX
Los Banos, CA
Evict
Los Ebanos, TX
Mission San Jose de Guadalupe
Los Feliz, CA
Stefan Weber (musician)
Los Feliz, Los Angeles, CA
Category:Municipalities of Denmark
Marvin the martian
Los Fresnos, TX
Los Gatos, CA
Los Indios, TX
Radio cell
Los Molinos, CA
Los Villareales, TX
Los Ybanez, TX
Losantville, IN
Lost City, OK
Lost Creek, TX
Lost Hills, CA
Lost Lake Woods, MI
Lost Nation, IA
Lost River, ID
Lost Springs, KS
Lost Springs, WY
Lostant, IL
Lostine, OR
Lotsee, OK
Lott, TX
Louann, AR
Loud Township, MI
Loudon, TN
Loudon County, TN
Loudonville, OH
Loudoun, VA
Loudoun County, VA
Loughman, FL
Louin, MS
Louisa, KY
Louisa, VA
Louisa County, IA
Louisa County, VA
Louisburg, KS
Louisburg, MN
Toby Barrett
Louisburg, MO
Louise, MS
Louise, TX
Louisiana, MO
Louisville, AL
Louisville, CO
Louisville, GA
Escape pods
Louisville, IL
Louisville, KS
Louisville, KY
Louisville, MS
Louisville, NE
Ted Hill (mathematician)
Louisville, OH
Louisville, TN
Louisville-Jefferson, KY
Read my lips: no new taxes
Louisville-Jefferson County, KY
Louisville-Jefferson County Government, KY
Louisville-Jefferson County Metro, KY
Louisville-Jefferson County Metro Government, KY
Read my lips, no new taxes
CMMi
Louisville Metro, KY
Louisville Township, MN
Louisville Township, Red Lake County, MN
Louisville Township, Scott County, MN
Wu-tang clan
Loup City, NE
Loup County, NE
Louriston Township, MN
Rick Bartolucci
Louviers, CO
Love County, OK
Lovejoy, GA
Lovelady, TX
Loveland, CO
Picholine olives
Loveland, OH
Loveland, OK
Loveland Park, OH
Popillia
Lovell, ME
Lovell, WY
Lovells Township, MI
Lovelock, NV
Loves Park, IL
Lovettsville, VA
Lovilia, IA
Loving County, TX
Lovington, IL
Low Moor, IA
Low Moor, VA
Lowden, IA
Lowell, AZ
Chris Bentley (politician)
Lowell, AR
Lowell, IN
Lowell, ME
Lowell, MA
Lowell, MI
Lowell, OH
Lowell, OR
Lowell, VT
Lowell (town), Dodge County, WI
Lowell (town), WI
Lowell (village), Dodge County, WI
Lowell (village), WI
Lowell Point, AK
Lowell Township, MI
Kaiser Shipbuilding Company
Lowell Township, MN
Lowellville, OH
Lower Allen, PA
Lower Allen Township, PA
Lower Alsace Township, PA
Lower Augusta Township, PA
Lower Burrell, PA
Lower Chanceford Township, PA
Lower Chichester Township, PA
Lower Frankford Township, PA
Lower Frederick Township, PA
Lower Grand Lagoon, FL
Montgomery Bell Academy
Murder By Death
Lower Gwynedd Township, PA
Lower Heidelberg Township, PA
Lower Kalskag, AK
Lower Lake, CA
Lower Macungie Township, PA
Lower Mahanoy Township, PA
Lower Makefield Township, PA
Lower Merion, PA
Lower Merion Township, PA
Lower Mifflin Township, PA
Lower Milford Township, PA
Lower Moreland Township, PA
Lower Mount Bethel Township, PA
Lower Nazareth Township, PA
Lower Oxford Township, PA
Lower Paxton Township, PA
Lower Pottsgrove Township, PA
Lower Providence Township, PA
Lower Red Lake, MN
Lower Salem, OH
Lower Salford Township, PA
Lower Saucon Township, PA
Lower Southampton Township, PA
Lower Swatara Township, PA
Lower Towamensing Township, PA
Lower Turkeyfoot Township, PA
Lower Tyrone Township, PA
Lower Windsor Township, PA
Lower Yoder Township, PA
Lowhill Township, PA
Lowndes County, AL
Hammer dulcimer
Lowndes County, GA
Lowndes County, MS
Lowndesboro, AL
Lowry, MN
Lowry City, MO
Lowry Crossing, TX
Manappadam
Lowville, WI
Lowville Township, MN
Wikipedia:Articles for deletion/Ricky Setiawan
Loxley, AL
Loyal, OK
MANAPPADAM
Loyal (city), Clark County, WI
Ravi River
Loyal (city), WI
Loyal (town), Clark County, WI
Loyal (town), WI
Loyalhanna Township, PA
Loyall, KY
Loyalsock Township, PA
Loyalton, CA
Loyola, CA
Lozano, TX
LuVerne, IA
Lu Verne, IA
Luana, IA
Lubbock, TX
Lubbock County, TX
Lubec, ME
Asiatic Station
Lublin, WI
Lucan, MN
Lucas, IA
Lucas, KS
Lucas, OH
Lucas, TX
Lucas, WI
Lucas County, IA
Asiatic station
Lucas County, OH
Lucas Township, MN
Lucas Valley-Marinwood, CA
Lucasville, OH
Luce County, MI
Lucedale, MS
Lucerne, CA
Lucerne, Lake County, CA
Lucerne, MO
Lucerne, WY
Lucerne Mines, PA
Luck (town), Polk County, WI
Luck (town), WI
Tale of the Heike
Luck (village), Polk County, WI
Luck (village), WI
Ulalume
Luckenbach, TX
Luckey, OH
Lucky, LA
Ludington, MI
Ludington, WI
Ludlow, CO
Punjabi Suba movement
Ludlow, IL
Ludlow, KY
Ludlow, ME
Symphony No. 8 (Dvořák)
Ludlow, MA
Ludlow, MO
Ludlow, VT
Albert Hay Malotte
Ludlow (town), VT
Ludlow (town), Windsor County, VT
Ludlow (village), VT
Ludlow (village), Windsor County, VT
Ludlow Falls, OH
Ludowici, GA
Lueders, TX
Lufkin, TX
Lukachukai, AZ
Luke, MD
Lula, GA
Lula, MS
Luling, LA
Luling, TX
Lumber City, GA
Lumber City, PA
The Jocks and the Geordies
Lumber Township, PA
Lumberton, MS
Lumberton, TX
Lumpkin, GA
Lumpkin County, GA
Swathithirunal
Luna Pier, MI
Lund Township, MN
Lunenburg, AR
Lunenburg, MA
Lunenburg, VT
Lunenburg (CDP), MA
Lunenburg (CDP), Worcester County, MA
Lunenburg (town), MA
Lunenburg (town), Worcester County, MA
Lunenburg County, VA
Lupus, MO
Roger Smith (executive)
Lura Township, MN
Luray, KS
Luray, MO
Luray, VA
Lurgan Township, PA
Lusby, MD
Lushton, NE
Lusk, WY
Lutak, AK
Lutcher, LA
Luther, IA
Nils Johan Semb
Stardust (casino)
Luther, MI
Luther, OK
Luthersville, GA
Lutherville-Timonium, MD
Lutsen Township, MN
Sandra Lee (chef)
Luttrell, TN
Winker Watson
Lutz, FL
Luverne, AL
Luverne, MN
Luverne Township, MN
Luxemburg, IA
Jirô Taniguchi
Luxemburg (town), Kewaunee County, WI
Luxemburg (town), WI
Luxemburg (village), Kewaunee County, WI
Jiroo Taniguchi
Luxemburg (village), WI
Luxemburg Township, MN
Luxora, AR
Luzerne, IA
Luzerne, PA
Luzerne County, PA
Luzerne Township, PA
Lycoming County, PA
Zirô Taniguti
Lycoming Township, PA
Peter's Pocket Grandpa
Lydia, LA
Lyerly, GA
Lyford, TX
Lyford South, TX
Albert Malotte
Lykens, PA
Lykens Township, PA
Ziroo Taniguti
Lyle, MN
Lyle, WA
Lyle Township, MN
Lyman, ME
Lyman, MS
Lyman, NE
Ziro Taniguti
Lyman, UT
Lyman, WA
Lyman, WY
Lynch, KY
Lynch, NE
Lynchburg, MS
Taniguti Zirô
Lynchburg, Moore County, TN
Lynchburg, OH
Bully Beef and Chips
Lynchburg, TN
Taniguti Ziroo
Lynchburg, VA
Lynd, MN
Lynd Township, MN
Lynden, WA
Lynden Township, MN
Taniguti Ziro
Lyndhurst, OH
Lyndhurst, VA
Lyndon, IL
Lyndon, Juneau County, WI
Lyndon, KS
Taniguchi Jirô
Lyndon, KY
Lyndon, Sheboygan County, WI
Lyndon, VT
Lyndon, WI
Lyndon Station, WI
Wikipedia:Articles for deletion/Adult language
Lyndon Township, MI
Taniguchi Jiroo
Lyndonville, VT
Lynn, AL
Taniguchi Jiro
Lynn, AR
Lynn, IN
Lynn, MA
Lynn, WI
Lynn County, TX
Lynn Haven, FL
Lynn Township, MI
Lynn Township, MN
Lynn Township, PA
Lynndyl, UT
Lynne, WI
Katsûra
Lynnfield, Essex County, MA
Lynnfield, MA
Lynnview, KY
Lynnville, IL
Lynnville, IN
Lynnville, IA
Cercidiphyllum
Katsûra, Chiba
Lynnville, TN
Lynnwood, Fayette County, PA
Lynnwood, Luzerne County, PA
Lynnwood, PA
Lynnwood, Rockingham County, VA
Voynich MS
Lynnwood, VA
The Happy Return
Lynnwood, VA Beach, VA
Katûra, Tiba
Lynnwood, WA
Katura
Lynnwood-Pricedale, PA
Lynwood, CA
Lynwood, IL
Washington state congressional delegates
Lynxville, WI
Lyon, MS
Lyon County, IA
Lyon County, KS
Lyon County, KY
Lyon County, MN
Katûra
List of Chinese administrative divisions by GDP
Lyon County, NV
WHDH
Katura, Tiba
Lyon Township, MI
Lyon Township, Oakland County, MI
Katsura, Chiba
Lyon Township, Roscommon County, MI
Lyons, CO
Lyons, GA
Lyons, IL
Lyons, IN
Lyons, KS
Lyons, MI
Lyons, NE
Lyons, OH
Lyons, OR
Lyons, PA
Lyons, WI
Lyons Switch, OK
Lyons Township, Lyon County, MN
Lyons Township, MI
Lyons Township, MN
Feuerbach
Lyons Township, Wadena County, MN
Lyra Township, MN
Lytle, TX
Lytton, IA
Johannes Beckmann
Jean Dominique
Yami no Yûgi
Ram Muay
Yami no Yuugi
Beat to Quarters
Database server
Yami no Yugi
Avril
Aborlan
Silver RavenWolf
Time ordered
Caradocus
Antono Refa
Janet Albrechtsen
NJ Nets
Sixteen-segment display
Gender (stream)
Phi Psi
Omphalocele
Clifton Down
Durdham Down
M42
Dionotus
The Downs, Bristol
Tracey Wigginton
File:Pamyat-eagle-swastika-150.png
Stewing
Wikipedia:Articles for deletion/F1VWC
Bump function
II Corps (United Kingdom)
Elementary topos
Ghost (game)
III Corps (United Kingdom)
Great Russian language
Nicoud
Wikipedia:Articles for deletion/High protocol
Radiological bomb
Gracianus Municeps
Wikipedia:Articles for deletion/Ham Sandwich
Abenra
Wikipedia:Articles for deletion/Forkbat/Chess
Arslev
Aeroskobing
Birkerod
Archibald Menzies
Allerod
Blavandshuk
Brorup
Brondby
Bramsnaes
Fredensborg-Humlebaek
Fladsa
Fano
Farso
Gundso
Dragor (disambiguation)
Grasten
Frederiksvaerk
Graested-Gilleleje
Hojreby
Hoje-Taastrup
Hojer
Hørsholm
Hvalso
Hillerød
Ishoj
Jaegerspris
Koge
Laeso
Ledoje-Smorum
Logstor
Logumkloster
Norager
Norhald
Norre Alslev
Norre Djurs
Norre-Rangstrup
Nykobing Falster
Olgod
Olstykke
Orbaek
Praesto
Ramso
Ringkobing
Rodby
Rodding
Rodekro
Rodovre
Ronde
Ronnede
Rougso
Sakskobing
Samso
Wikipedia:Articles for deletion/Montgomery bell academy
End of Roman rule in Britain
Skaerbaek
Skaevinge
Skorping
Sollerod
Solrod
Sonderborg
Sonderhald
Stenlose
Sonderso
Stovring
Lewis Schaffer
Tarnby
Stubbekobing
Tonder
Richard Spruce
Tranekaer
Trehoje
Vaerlose
Vallensbaek
Vallo
Videbaek
Lokken-Vra
Hy-Brazil
Ural owl
Langa KaXaba
Langebaek
Brazil Rock
Arthur Friedenreich
Saeby
Spanish phonology
Hitomi (Dead or Alive)
Natan Sharansky
Nongoma
Cybernetics (disambiguation)
Mohabbatein
Rampaging Roy Slaven
H.G. Nelson
Category:Analytic philosophy
Saint Brendan's Island
Hans von Achen
Peloponnessus
Johann von Aachen
Johann von Achen
Paul Ereng
Janachen
Fanachen
Popalzai
Abak
Jean Dac
Aquano
Sea Hunt
Key Hill Cemetery
Hans van Aken
Church of the Province of West Africa
Buckling
Transition (literary journal)
HMS Spitfire (1912)
Betty Oliphant
Wikipedia:Requests for comment/Drbalaji md
Sea hunt
¡Qué Locura!
Joseph Hinks
Codasyl
William Tanui
Category:Literary magazines
Duplex Lamp
Category:Poetry by nation or language
Peter Piot
Typograhpy
Ayane
Charles Vyner Brooke
Thiols
Calamita
Larisa Trimbobler
Psychoneuroimmunology
Barry MacSweeney
Paelle
Fichte
Marjorie Proops
Matroid theory
Community informatics
Arnold Jackson (British Army officer)
Frequent Flyer Program
Wikipedia:Articles for deletion/Quince Orchard High School
Sophytes
Countryside Party
Wikipedia:Promotional buttons
Atomic Bomb
Army Group Royal Artillery
Frequent flier program
Electric shock Therapy
Set game
Frédéric-Louis Allamand
Transend Networks
ISO Latin-1
Aurora Energy (Tasmania)
Character entity reference
Ganiklis
Heads of State of Australia
Gaila
Length of a module
Arthur Christopher Benson
2004 Iran Majlis election
Jülich
Fokker Triplane
Port of Felixstowe
1st Army Group Royal Artillery
Yuenren Chao
Chlorpyrifos
Wikipedia:Articles for deletion/The International Free Protestant Episcopal Church
Yuanren Chao
Yuanren Zhao
Blue Star Line
Zhào Yuánrén
Kyle Chapman (New Zealand activist)
Community networking
Star Reefers
Kasumi (Dead or Alive)
Wikipedia:Articles for deletion/Plug It In
Chico Mendez
William Arthur Dunkerley
2005 Iranian presidential election
Messatida
Cothen
Yuanren Jaw
Jaw Yuanren
Fanny Jane Davis
Council of Guardians
Alden, John
Harry Edison/version 2
Stuart Pearce
Swenglish
Red garra
2004 Iranian parliamentary elections
Chechenya
Alder, Kurt
Stuart pearce
Aldrich, Robert
Sir Ranulph Fiennes
Focke-Wulf Condor
Buzz (airline)
Zulu
Jeskola Buzz
MOS Technologies 6507
Category:Dutch fighter aircraft
Category:Dutch military aircraft
MOS Technologies 6501
Fernando Redondo
MOS Technologies 6510
Altbier
Henry Nutcombe Oxenham
Wo Shing Wo
Bishop Hefele
Onomatpoeia
Onamatopoeia
Rebecca Liljeberg
Swan Brewery
Maro deives
Gwion Gwion rock paintings
Diedievaite
Training manuals
Jan Evangelista Purkyne
Warmblood horse breeds
Popular Science
Giltinė
Wesley Sneijder
2001 foot and mouth crisis
Military occupation
Babanango
EIN (DOA)
Denison Olmsted
Bronisław Geremek
Ashraf Jehangir Qazi
2001 United Kingdom foot-and-mouth outbreak
Mathieu Orfila
Garth Gibson
Buttonmold Bay
Wikipedia:Banner
Wikipedia:Banners
Wikipedia:Button
Wikipedia:Buttons
Northumbria University
Bernard Palissy
David Patterson (computer scientist)
Tamari sauce
RORO ferry
Niccolò Tartaglia
Amelia Earheart
Shoyu sauce
Category:Roma people
Earlsfield
Randy H. Katz
Gene splicing
Blood royal
Skywest (australian airline)
Gerardus Joannes Vossius
Hahajima
Skywest
Haha Jima
Ambassador automobile
Brycgstow
Ha Ha Jima
Pelagian controversies
Åke Green
McLaren Automotive
The Wishsong of Shannara
Tina Armstrong
Faggot (slang)
Faggot (unit)
Halsey
Sterling Morrison
Wikipedia:Articles for deletion/France Desu!
Yokosuka Naval Base
Angled flight deck
Horn loudspeaker
P. D. Eastman
Philosopher's football
Kinsky-horse
Jerle Shannara
Horned rattlesnake
History of the Jews in England
Wikipedia:Request for immediate removal of copyright violation/Archive1
Richard K. Guy
Crotalus
Sistrurus
Wikipedia:Articles for deletion/Chris Pirillo
Nanba
Wikipedia:Forks
Wikipedia:Articles for deletion/Craig Markle
The Wyrdest Link
Josuah Sylvester
Euphuist
City of New York
St Mary Bourne
A. B. Grosart
Prince Henry
Goolmangar, New South Wales
Nimbin, New South Wales
Rolf Mellde
ATC code A01
John Houblon
Rocket science
Kate (computing)
First King of Shannara
William Speirs Bruce
